Post,Broken URL,Type,Status,Discovered
"Scannable Broken Link Test Post",http://www.schick.com/brands-women/schick-hydro-silk,external,404 Not Found,21 Mar 2021 (07:03)
"Scannable Broken Link Test Post",http://www.dermalinstitute.com/us/library/49_article_Catch_the_Microcurrent.html,external,404 Not Found,21 Mar 2021 (07:02)
"Scannable Broken Link Test Post",https://www.amazon.com/dp/B01LETUP1E?tag=thehomegear-20,external,404 Not Found,21 Mar 2021 (07:01)
"Scannable Broken Link Test Post",https://www.instagram.com/p/BZj0Y_lARpC/,external,404 Not Found,21 Mar 2021 (07:01)
"Scannable Broken Link Test Post",http://www.basketsbyrita.com/assets/images/fall-gourmet-food-basket.jpg,external,404 Not Found,21 Mar 2021 (07:00)
"Scannable Broken Link Test Post",https://naturalantidote.com/articles/different-kinds-of-pimples/,external,500 Internal Server Error,21 Mar 2021 (07:00)
"Scannable Broken Link Test Post",https://www.amazon.com/dp/B00GWTQSI6?tag=thehomegear-20,external,404 Not Found,21 Mar 2021 (07:00)
"Scannable Broken Link Test Post",https://www.amazon.com/dp/B01E6DHEH8?tag=thehomegear-20,external,404 Not Found,21 Mar 2021 (07:00)
"Scannable Broken Link Test Post",https://www.amazon.com/dp/B07BDGQBTH?tag=thehomegear-20,external,404 Not Found,21 Mar 2021 (07:00)
"Scannable Broken Link Test Post",http://www.dermalogica.com/what-is-retinol%3F/what-is-retinol,external,404 Not Found,21 Mar 2021 (07:00)
"Scannable Broken Link Test Post",https://www.amazon.com/dp/B01LZXLJHE?tag=thehomegear-20,external,404 Not Found,21 Mar 2021 (07:00)
"Scannable Broken Link Test Post",https://www.amazon.com/dp/B00PY47F3C?tag=thehomegear-20,external,404 Not Found,21 Mar 2021 (07:00)
"Scannable Broken Link Test Post",https://www.amazon.com/dp/B01E82O696?tag=thehomegear-20,external,404 Not Found,21 Mar 2021 (07:00)
"Scannable Broken Link Test Post",https://www.amazon.com/dp/B01B25PKB0?tag=thehomegear-20,external,404 Not Found,21 Mar 2021 (07:00)
"Scannable Broken Link Test Post",https://www.amazon.com/dp/B00DL77VE2?tag=thehomegear-20,external,404 Not Found,21 Mar 2021 (07:00)
"Scannable Broken Link Test Post",https://www.amazon.com/dp/B00095W7D4?tag=thehomegear-20,external,404 Not Found,21 Mar 2021 (06:59)
"Scannable Broken Link Test Post",https://www.amazon.com/dp/B004NEDTUM?tag=thehomegear-20,external,404 Not Found,21 Mar 2021 (06:59)
"Scannable Broken Link Test Post",https://www.amazon.com/dp/B07RS88HZC?tag=thehomegear-20,external,404 Not Found,21 Mar 2021 (06:59)
"Scannable Broken Link Test Post",https://logicoflaura.com/,external,6 Server Not Found,21 Mar 2021 (06:59)
"Scannable Broken Link Test Post",https://www.lorealparisusa.com/beauty-magazine/skin-care/skin-care-concerns/noncomedogenic-makeup-and-skin-products.aspx,external,500 Internal Server Error,21 Mar 2021 (06:59)
"Scannable Broken Link Test Post",https://www.lorealparisusa.com/beauty-magazine/hair-color/hair-color-application/demi-permanent-hair-dye.aspx,external,28 Request Timeout,21 Mar 2021 (06:59)
